Sample,Area,Mean,Min,Max,Radius,Diameter,Cell counts
CA1,330.669,93.734,41,255,10.25939627,20.51879253,
CA2,391.145,101.268,69,255,11.15819521,22.31639043,
CA3,29.097,115.474,93,255,3.043330866,6.086661731,
CA4,168.42,106.98,71,255,7.321868001,14.643736,
CA5,377.216,94.751,44,255,10.95771792,21.91543584,
CA6,27.113,98.336,58,255,2.937743342,5.875486684,
CA7,18.7,104.884,71,255,2.439753035,4.87950607,
CA8,187.428,112.068,77,255,7.724000605,15.44800121,
CA9,92.627,117.987,85,255,5.429925398,10.8598508,
CA10,34.93,130.901,103,255,3.334451128,6.668902256,
CA11,77.975,112.14,83,255,4.981988898,9.963977795,
CA12,67.31,109.591,65,255,4.628762085,9.25752417,
CA13,66.15,121.299,68,255,4.588703408,9.177406817,
CA14,29.097,157.759,130,255,3.043330866,6.086661731,
CA15,76.437,135.153,106,255,4.932611151,9.865222303,
CA16,6.597,176.487,155,255,1.449099831,2.898199661,
CA17,4.851,181.912,153,255,1.242626757,2.485253515,
CA18,10.119,156.801,138,255,1.79470826,3.58941652,
CA19,18.7,155.431,120,255,2.439753035,4.87950607,
CA20,343.883,101.065,73,255,10.46237825,20.92475649,
CA21,415.956,97.086,70,255,11.50664621,23.01329242,
CA22,299.321,107.872,68,255,9.76098527,19.52197054,
CA23,249.847,104.743,81,131,8.917890453,17.83578091,
CA24,34.93,136.111,115,255,3.334451128,6.668902256,
CA25,252.456,106.845,81,255,8.964331577,17.92866315,
CA26,21.111,140.481,111,255,2.59226542,5.18453084,
CA27,9.047,156.535,130,255,1.696982481,3.393964962,
CA28,114.214,116.389,67,255,6.02954769,12.05909538,
CA29,255.363,103.527,57,255,9.015795443,18.03159089,
CA30,660.039,90.426,47,255,14.49472107,28.98944214,
CA31,106.556,118.726,52,255,5.823901461,11.64780292,
CA32,293.448,105.546,55,255,9.664750358,19.32950072,
CA33,12.539,165.308,143,255,1.997820728,3.995641457,
CA34,32.867,133.763,97,255,3.234484662,6.468969324,
CA35,13.026,152.613,127,255,2.036247671,4.072495342,
CA36,510.587,96.703,52,255,12.74852501,25.49705001,
CA37,17.897,126.986,99,255,2.386795348,4.773590696,
CA38,5.724,189.806,157,255,1.349816946,2.699633893,
CA39,14.454,102.418,77,255,2.144959462,4.289918925,
CA40,32.023,128.967,86,255,3.192684996,6.385369992,
CA41,52.42,122.511,85,255,4.084826096,8.169652192,
CA42,337.217,104.203,71,255,10.36047802,20.72095605,
CA43,360.203,98.405,48,255,10.70776241,21.41552483,
CA44,330.669,101.523,48,255,10.25939627,20.51879253,
CA45,293.448,104.263,45,255,9.664750358,19.32950072,
CA46,73.342,97.296,56,255,4.831716431,9.663432863,
CA47,187.428,119.999,85,255,7.724000605,15.44800121,
CA48,11.151,156.552,136,255,1.884004655,3.76800931,
CA49,21.111,145.445,122,255,2.59226542,5.18453084,
CA50,14.454,149.498,101,255,2.144959462,4.289918925,
CA51,9.047,143.866,120,255,1.696982481,3.393964962,
CA52,6.111,171.102,147,255,1.394701299,2.789402599,
CA53,19.603,140.972,108,255,2.497964911,4.995929823,
CB1,1035.09,90.131,55,255,18.15156688,36.30313375,
CB2,408.6,102.319,66,255,11.40444736,22.80889471,
CB3,67.85,137.415,103,255,4.647292306,9.294584612,
CB4,69.48,138.536,117,255,4.702783313,9.405566627,
CB5,12.64,163.078,130,255,2.005850683,4.011701365,
CB6,18.85,160.358,140,255,2.449518596,4.899037193,
CB7,408.6,97.266,49,255,11.40444736,22.80889471,
CB8,25.61,137.945,83,255,2.85515607,5.71031214,
CB9,19.76,158.842,136,255,2.507948036,5.015896072,
CB10,45.48,134.567,90,255,3.804830302,7.609660603,
CB11,130.85,116.142,67,255,6.453746866,12.90749373,
CB12,232.36,110.637,77,255,8.600144484,17.20028897,
CB13,145.36,117.17,84,255,6.802170614,13.60434123,
CB14,49.05,133.903,92,255,3.951341534,7.902683068,
CB15,555.76,96.724,63,255,13.30052263,26.60104527,
CB16,254.48,108.755,73,255,9.000194433,18.00038887,
CB17,105.8,118.273,84,255,5.803204801,11.6064096,
CB18,397.65,100.496,71,255,11.25059671,22.50119341,
CB19,483.2,96.069,55,255,12.4019086,24.80381721,
CB20,147.45,103.646,78,255,6.85089722,13.70179444,
CB21,100.29,109.801,85,255,5.650070662,11.30014132,
CB22,37.45,135.213,98,255,3.452637432,6.905274864,
CB23,15.28,127.987,93,255,2.205396804,4.410793607,
CB24,18.04,166.994,146,255,2.396311822,4.792623643,
CB25,132.64,116.768,74,255,6.497739861,12.99547972,
CB26,555.76,93.982,56,255,13.30052263,26.60104527,
CB27,43.04,126.718,76,255,3.701358872,7.402717745,
CB28,83.41,127.987,96,255,5.152691297,10.30538259,
CB29,9.12,193.772,170,255,1.703815178,3.407630357,
CB30,6.16,203.661,179,255,1.400281721,2.800563443,
CB31,22.17,143.791,116,255,2.656488317,5.312976633,
CB32,22.17,115.602,84,255,2.656488317,5.312976633,
CB33,31.9,132.049,84,255,3.186547563,6.373095125,
CB34,49.05,138.367,113,255,3.951341534,7.902683068,
CB35,29.33,159.144,138,255,3.055491607,6.110983214,
CB36,105.8,119.305,75,255,5.803204801,11.6064096,
CB37,88.2,122.401,94,255,5.298578296,10.59715659,
CB38,50.24,133.339,98,255,3.998985957,7.997971913,
CC1,433.85,96.69,55,255,11.7515422,23.5030844,
CC2,18.04,136.813,92,255,2.396311822,4.792623643,
CC3,14.57,117.065,82,255,2.153549405,4.307098811,
CC4,8.12,116.2,81,255,1.607692842,3.215385685,
CC5,105.8,118.365,73,255,5.803204801,11.6064096,
CC6,46.69,123.104,94,255,3.855112007,7.710224014,
CC7,55.44,118.065,68,255,4.200845164,8.401690328,
CC8,5.77,169.388,140,255,1.355229886,2.710459772,
CC9,5.4,175.035,147,255,1.311058117,2.622116233,
CC10,25.61,127.405,95,255,2.85515607,5.71031214,
CC11,43.04,125.077,94,255,3.701358872,7.402717745,
CC12,17.41,128.736,103,255,2.354097517,4.708195034,
CC13,27.33,115.506,84,255,2.949476087,5.898952175,
CC14,23.77,99.188,87,110,2.75067737,5.50135474,
CC15,9.73,157.233,129,255,1.75987363,3.519747259,
CC16,12.01,143.223,116,255,1.955224216,3.910448431,
CC17,95,119.539,96,255,5.499039842,10.99807968,
CC18,263.17,107.995,78,255,9.152574105,18.30514821,
CC19,25.61,135.72,99,255,2.85515607,5.71031214,
CC20,12.01,133.465,102,255,1.955224216,3.910448431,
CC21,54.17,103.991,77,255,4.152450666,8.304901332,
CC22,356.29,99.872,64,255,10.64944268,21.29888536,
CC23,193.65,106.796,61,255,7.851159753,15.70231951,
CC24,339.92,107.569,70,255,10.40191792,20.80383585,
CC25,343.09,102.79,71,255,10.45030807,20.90061615,
CC26,192.48,115.466,81,255,7.827406141,15.65481228,
CC27,201.08,112.986,87,255,8.000359487,16.00071897,
CC28,36.4,122.698,92,255,3.403891869,6.807783738,
CC29,55.44,135.601,112,255,4.200845164,8.401690328,
CC30,27.33,151.053,124,255,2.949476087,5.898952175,
CC31,11.24,163.641,138,255,1.89150816,3.783016321,
CC32,32.28,132.524,91,255,3.205470812,6.410941624,
CC33,43.04,132.569,99,255,3.701358872,7.402717745,
CC34,66.68,123.814,82,255,4.607049295,9.214098591,
CC35,139.09,117.272,93,255,6.653850169,13.30770034,
CC36,19.76,153.386,125,255,2.507948036,5.015896072,
CC37,11.24,158.335,123,255,1.89150816,3.783016321,
CC38,17.41,148.925,126,255,2.354097517,4.708195034,
CC39,31.25,141.634,119,255,3.153915653,6.307831305,
CC40,172,117.599,88,255,7.39927702,14.79855404,
CC41,229.81,106.878,81,255,8.552823799,17.1056476,
CC42,113.04,109.924,72,255,5.998478935,11.99695787,
CC43,90.01,120.208,90,255,5.352669694,10.70533939,
CC44,17.41,148.956,114,255,2.354097517,4.708195034,
CC45,17.41,129.725,98,255,2.354097517,4.708195034,
CC46,559.97,92.406,66,255,13.35080473,26.70160946,
CC47,18.85,150.774,117,255,2.449518596,4.899037193,
CC48,28.28,122.809,81,255,3.000300582,6.000601164,
CC49,25.61,126.21,85,255,2.85515607,5.71031214,
CC50,8.61,158.912,120,255,1.655490296,3.310980592,
CC51,5.4,173.728,147,255,1.311058117,2.622116233,
CC52,6.65,174.955,150,255,1.454909187,2.909818374,
CC53,5.77,174.522,151,255,1.355229886,2.710459772,
CC54,6.65,163.302,137,255,1.454909187,2.909818374,
CC55,3.49,177.628,150,255,1.053993123,2.107986245,
CC56,4.48,180.388,156,255,1.194164264,2.388328529,
CC57,8.61,162.19,133,255,1.655490296,3.310980592,
CC58,9.12,164.781,137,255,1.703815178,3.407630357,
CC59,19.3,126.247,92,255,2.478584435,4.957168871,
CC60,27.33,144.451,118,255,2.949476087,5.898952175,
CC61,30.07,146.626,118,255,3.093796741,6.187593483,
CC62,16.64,148.233,118,255,2.301450957,4.602901913,
CC63,24.72,143.189,112,255,2.805106127,5.610212255,
CC64,9.12,160.867,130,255,1.703815178,3.407630357,
CC65,8.12,152.392,129,255,1.607692842,3.215385685,
CD1,448.45,90.342,44,255,11.94763861,23.89527723,
CD2,216.52,101.017,58,255,8.30183453,16.60366906,
CD3,45.48,133.705,104,255,3.804830302,7.609660603,
CD4,15.97,159.436,131,255,2.254641631,4.509283261,
CD5,124.92,112.21,77,255,6.305812476,12.61162495,
CD6,44.21,121.098,96,255,3.75133044,7.502660879,
CD7,346.64,96.201,59,255,10.50423433,21.00846867,
CD8,22.17,140.858,113,255,2.656488317,5.312976633,
CD9,346.64,97.39,55,255,10.50423433,21.00846867,
CD10,47.92,120.711,92,255,3.905561387,7.811122774,
CD11,419.29,95.595,39,255,11.55266862,23.10533723,
CD12,29.33,140.411,117,255,3.055491607,6.110983214,
CD13,18.04,132.611,105,255,2.396311822,4.792623643,
CD14,25.61,125.261,100,255,2.85515607,5.71031214,
CD15,353.16,95.106,40,255,10.60256193,21.20512385,
CD16,333.32,93.373,43,255,10.30043937,20.60087874,
CD17,40.6,134.005,111,255,3.594910483,7.189820966,
CD18,9.73,170.092,125,255,1.75987363,3.519747259,
CD19,11.24,146.222,123,255,1.89150816,3.783016321,
CD20,19.76,161.891,134,255,2.507948036,5.015896072,
CD21,305.25,100.945,72,255,9.857184829,19.71436966,
CD22,16.64,157.735,119,255,2.301450957,4.602901913,
CD23,49.05,136.337,108,255,3.951341534,7.902683068,
CD24,514.68,90.717,38,255,12.79952078,25.59904156,
CD25,179.05,107.588,65,255,7.549396342,15.09879268,
CD26,214.01,103.308,54,255,8.253574907,16.50714981,
CD27,254.48,96.185,55,255,9.000194433,18.00038887,
CD28,349.73,92.052,51,255,10.55094861,21.10189721,
CD29,735.68,83.037,39,255,15.30275194,30.60550389,
CD30,514.68,77.82,37,255,12.79952078,25.59904156,
CD31,602.53,87.726,36,255,13.848872,27.697744,
CD32,366.24,97.481,51,255,10.79712058,21.59424115,
CD33,254.48,104.765,74,255,9.000194433,18.00038887,
CD34,126.45,112.464,78,255,6.34431124,12.68862248,
CD35,229.81,106.506,73,255,8.552823799,17.1056476,
CD36,37.45,120.752,77,255,3.452637432,6.905274864,
CD37,39.69,136.585,104,255,3.554394376,7.108788753,
CD38,115.13,112.266,75,255,6.053677989,12.10735598,
CD39,380.24,95.936,61,255,11.00155221,22.00310443,
CD40,22.17,134.591,111,255,2.656488317,5.312976633,
CD41,15.97,128.724,84,255,2.254641631,4.509283261,
CE1,463.93,99.841,54,255,12.15209881,24.30419762,
CE2,260.08,105.799,50,255,9.098683157,18.19736631,
CE3,179.05,107.23,74,255,7.549396342,15.09879268,
CE4,191.16,114.719,79,255,7.800520357,15.60104071,
CE5,19.76,154.008,101,255,2.507948036,5.015896072,
CE6,10.2,152.225,119,255,1.801877032,3.603754064,
CE7,14.57,129.282,89,255,2.153549405,4.307098811,
CE8,143.29,119.52,81,255,6.75356377,13.50712754,
CE9,353.16,104.377,68,255,10.60256193,21.20512385,
CE10,18.85,140.387,94,255,2.449518596,4.899037193,
CE11,130.85,128.505,92,255,6.453746866,12.90749373,
CE12,172,109.197,80,255,7.39927702,14.79855404,
CE13,95,122.226,79,255,5.499039842,10.99807968,
CE14,196.16,119.402,86,255,7.901877452,15.8037549,
CE15,8.12,147.499,99,255,1.607692842,3.215385685,
CE16,305.25,109.597,66,255,9.857184829,19.71436966,
CE17,10.2,168.061,134,255,1.801877032,3.603754064,
CE18,298.61,105.45,58,255,9.749385371,19.49877074,
CE19,430.2,98.119,62,255,11.70200466,23.40400932,
CE20,41.97,134.138,101,255,3.655060317,7.310120635,
CE21,543.17,97.031,56,255,13.14900684,26.29801368,
CE22,107.41,102.322,57,255,5.847192906,11.69438581,
CE23,100.29,121.668,88,255,5.650070662,11.30014132,
CE24,153.8,118.946,55,255,6.99686076,13.99372152,
CE25,104.05,123.8,89,255,5.755010309,11.51002062,
CE26,22.92,117.209,83,255,2.701048424,5.402096849,
CE27,295.8,104.421,49,255,9.70340478,19.40680956,
CE28,130.85,127.737,77,255,6.453746866,12.90749373,
CE29,251.85,108.56,71,255,8.95356604,17.90713208,
CE30,383.93,99.282,44,255,11.05480505,22.10961009,
CE31,363.09,98.576,47,255,10.75058773,21.50117546,
CE32,224.29,99.012,48,255,8.449480716,16.89896143,
CE33,10.2,153.56,115,255,1.801877032,3.603754064,
CE34,23.77,145.834,102,255,2.75067737,5.50135474,
CE35,5.77,152.144,131,255,1.355229886,2.710459772,
CE36,307.92,103.328,49,255,9.900201016,19.80040203,
CE37,46.69,112.893,88,255,3.855112007,7.710224014,
CE38,426.57,98.53,52,255,11.65252969,23.30505938,
CE39,243.44,105.008,46,255,8.802804024,17.60560805,
CE40,60.92,107.272,65,255,4.403571081,8.807142162,
CE41,141.08,104.854,59,255,6.701280381,13.40256076,
CE42,75.56,104.553,73,255,4.904232356,9.808464712,
CE43,7.49,130.583,98,255,1.5440664,3.0881328,
CE44,9.73,126.85,90,255,1.75987363,3.519747259,
CE45,224.29,108.809,65,255,8.449480716,16.89896143,
CE46,116.84,104.265,66,255,6.098469242,12.19693848,
CE47,93.37,135.216,86,255,5.451659754,10.90331951,
CE48,31.25,131.842,105,255,3.153915653,6.307831305,
CE49,9.73,167.971,139,255,1.75987363,3.519747259,
CE50,50.24,131.296,96,255,3.998985957,7.997971913,
CE51,66.68,128.85,70,255,4.607049295,9.214098591,
CE52,34.36,123.825,83,255,3.30713285,6.614265701,
CE53,83.41,136.665,105,255,5.152691297,10.30538259,
CE54,95,127.481,84,255,5.499039842,10.99807968,
CE55,83.41,121.73,73,255,5.152691297,10.30538259,
CE56,13.13,117.476,92,255,2.044360244,4.088720487,
CE57,31.25,95.345,75,255,3.153915653,6.307831305,
CE58,65.09,116.523,75,255,4.551789812,9.103579624,
CE59,22.17,122.62,91,255,2.656488317,5.312976633,
CE60,633.44,96.125,38,255,14.19965543,28.39931086,
CE61,37.45,128.381,78,255,3.452637432,6.905274864,
CE62,227.04,103.097,57,255,8.501122076,17.00224415,
CE63,227.04,97.256,62,255,8.501122076,17.00224415,
CE64,6.65,147.699,118,255,1.454909187,2.909818374,
CE65,8.61,127.628,106,255,1.655490296,3.310980592,
CE66,5.77,162.922,142,255,1.355229886,2.710459772,
CE67,4.21,170.119,139,255,1.15762024,2.315240481,
CE68,16.64,116.034,82,255,2.301450957,4.602901913,
CE69,3.84,184.047,162,255,1.105581278,2.211162557,
DA1,147.45,120.489,89,255,6.85089722,13.70179444,
DA2,292.49,112.616,51,255,9.64896153,19.29792306,
DA3,219.13,104.078,73,255,8.351721102,16.7034422,
DA4,40.6,145.674,88,255,3.594910483,7.189820966,
DA5,397.65,109.335,70,255,11.25059671,22.50119341,
DA6,65.09,145.195,88,255,4.551789812,9.103579624,
DA7,203.53,105.944,58,255,8.048950934,16.09790187,
DA8,196.16,88.422,51,255,7.901877452,15.8037549,
DA9,44.21,107.83,67,255,3.75133044,7.502660879,
DA10,54.17,135.45,92,255,4.152450666,8.304901332,
DA11,109.6,126.196,80,255,5.906501801,11.8130036,
DA12,14.57,111.216,84,255,2.153549405,4.307098811,
DA13,43.04,119.407,85,255,3.701358872,7.402717745,
DA14,77.05,112.489,69,255,4.952350627,9.904701254,
DA15,18.04,159.554,129,255,2.396311822,4.792623643,
DA16,15.28,158.142,125,255,2.205396804,4.410793607,
DA17,141.08,119.91,73,255,6.701280381,13.40256076,
DA18,301.72,104.76,67,255,9.800023411,19.60004682,
DA19,196.16,114.437,58,255,7.901877452,15.8037549,
DA20,349.73,94.82,50,255,10.55094861,21.10189721,
DA21,176.92,97.368,51,255,7.504357738,15.00871548,
DA22,18.04,133.226,93,255,2.396311822,4.792623643,
DA23,336.89,103.281,48,255,10.35545352,20.71090704,
DA24,22.17,118.121,89,255,2.656488317,5.312976633,
DA25,86.85,114.246,79,255,5.257871586,10.51574317,
DA26,17.41,156.23,125,255,2.354097517,4.708195034,
DA27,45.48,125.817,86,255,3.804830302,7.609660603,
DA28,211.28,124.314,69,255,8.200762937,16.40152587,
DA29,49.05,107.672,66,255,3.951341534,7.902683068,
DA30,198.61,114.175,72,255,7.951070777,15.90214155,
DA31,78.6,130.063,89,255,5.001915339,10.00383068,
DA32,419.3,108.041,60,255,11.55280638,23.10561276,
DA33,305.25,116.954,56,255,9.857184829,19.71436966,
DA34,70.89,148.003,107,255,4.75026187,9.50052374,
DA35,105.8,137.417,80,255,5.803204801,11.6064096,
DA36,132.64,133.003,98,255,6.497739861,12.99547972,
DA37,27.33,150.532,117,255,2.949476087,5.898952175,
DA38,40.46,153.494,117,255,3.588707009,7.177414018,
DA39,36.4,150.228,106,255,3.403891869,6.807783738,
DA40,174.49,128.077,85,255,7.452643292,14.90528658,
DA41,336.89,121.927,77,255,10.35545352,20.71090704,
DA42,22.17,144.142,101,255,2.656488317,5.312976633,
DA43,268.85,119.389,77,255,9.250816877,18.50163375,
DA44,283.72,111.537,79,255,9.503203718,19.00640744,
DA45,349.73,96.641,41,255,10.55094861,21.10189721,
DA46,460.08,109.411,59,255,12.10157066,24.20314132,
DA47,75.56,141.368,95,255,4.904232356,9.808464712,
DA48,108.5,116.222,74,255,5.876786762,11.75357352,
DA49,441.09,98.566,41,255,11.84919017,23.69838034,
DA50,55.44,148.307,104,255,4.200845164,8.401690328,
DA51,51.69,147.081,104,255,4.056283769,8.112567539,
DA52,232.36,118.031,63,255,8.600144484,17.20028897,
DA53,343.09,109.484,53,255,10.45030807,20.90061615,
DA54,274.77,116.889,62,255,9.352112458,18.70422492,
DA55,143.29,124.58,84,255,6.75356377,13.50712754,
DA56,50.24,139.194,106,255,3.998985957,7.997971913,
DA57,263.17,119.17,85,255,9.152574105,18.30514821,
DA58,18.04,145.779,95,255,2.396311822,4.792623643,
DA59,27.33,143.797,111,255,2.949476087,5.898952175,
DA60,17.41,169.303,141,255,2.354097517,4.708195034,
DA61,13.13,164.383,138,255,2.044360244,4.088720487,
DA62,500.97,100.388,55,255,12.62789387,25.25578775,
DA63,83.41,110.725,73,255,5.152691297,10.30538259,
DA64,34.36,139.668,99,255,3.30713285,6.614265701,
DA65,29.33,159.589,125,255,3.055491607,6.110983214,
DB1,7.623,117.811,53,255,1.557715077,3.115430155,
DB2,361.642,130.687,72,255,10.72912969,21.45825938,
DB3,406.97,122.96,62,255,11.38167713,22.76335427,
DB4,256.383,136.949,63,255,9.033783457,18.06756691,
DB5,21.195,194.717,151,255,2.597417571,5.194835142,
DB6,18.775,190.053,143,255,2.444640692,4.889281384,
DB7,57.848,183.535,139,255,4.291105953,8.582211905,
DB8,35.07,165.25,105,255,3.341126712,6.682253425,
DB9,348.335,122.697,63,255,10.52988481,21.05976963,
DB10,338.564,127.296,66,255,10.38114966,20.76229932,
DB11,91.394,142.769,87,255,5.393664222,10.78732844,
DB12,21.195,150.464,113,255,2.597417571,5.194835142,
DB13,680.844,118.81,57,255,14.72139179,29.44278357,
DB14,273.674,96.286,55,255,9.333442012,18.66688402,
DB15,101.753,99.996,63,255,5.691132212,11.38226442,
DB16,67.579,108.285,65,255,4.638002134,9.276004269,
DB17,282.589,125.839,67,255,9.484243377,18.96848675,
DB18,24.621,141.567,103,255,2.799483472,5.598966943,
DB19,354.869,135.114,63,255,10.62818475,21.25636949,
DB20,134.312,140.353,82,255,6.538565396,13.07713079,
DB21,428.484,127.088,65,255,11.67864261,23.35728523,
DB22,516.821,121.577,67,255,12.8261153,25.6522306,
DB23,92.998,152.655,98,255,5.440788803,10.88157761,
DB24,91.394,146.13,89,255,5.393664222,10.78732844,
DB25,98.167,148.573,83,255,5.589948711,11.17989742,
DB26,73.635,151.086,91,255,4.841358122,9.682716245,
DB27,50.04,139.247,90,255,3.991018254,7.982036508,
DB28,32.998,115.567,91,255,3.240924193,6.481848386,
DB29,16.574,138.365,106,255,2.296882246,4.593764493,
DB30,67.579,113.551,82,255,4.638002134,9.276004269,
DB31,413.982,108.951,62,255,11.47931023,22.95862046,
DB32,458.245,119.359,64,255,12.07741337,24.15482675,
DB33,454.391,116.425,75,255,12.02651851,24.05303702,
DB34,25.508,173.155,134,255,2.849464612,5.698929225,
DB35,218.256,120.318,81,255,8.335049041,16.67009808,
DB36,435.735,124.695,61,255,11.7770437,23.5540874,
DB37,44.034,127.026,77,255,3.743855971,7.487711941,
DB38,20.448,151.78,104,255,2.551235103,5.102470207,
DB39,259.043,125.649,74,255,9.080525747,18.16105149,
DB40,30.119,125.955,85,255,3.096316434,6.192632869,
DB41,19.681,126.76,91,255,2.502929657,5.005859315,
DB42,86.095,170.147,91,255,5.23496797,10.46993594,
DB43,98.167,150.045,75,255,5.589948711,11.17989742,
DB44,24.621,180.72,129,255,2.799483472,5.598966943,
DB45,96.504,169.199,105,255,5.54239815,11.0847963,
DB46,17.341,144.423,85,255,2.349427959,4.698855919,
DB47,34.223,148.691,83,255,3.300533174,6.601066349,
DB48,21.195,198.268,165,255,2.597417571,5.194835142,
DB49,16.574,137.951,98,255,2.296882246,4.593764493,
DB50,37.301,117.495,69,255,3.445762189,6.891524378,
DB51,496.851,118.501,62,255,12.57587314,25.15174628,
DB52,231.433,144.668,95,255,8.582972206,17.16594441,
DB53,354.869,127.503,79,255,10.62818475,21.25636949,
DB54,195.378,120.031,63,255,7.886111142,15.77222228,
DC1,349.73,113.846,55,255,10.55094861,21.10189721,
DC2,46.69,147.415,115,255,3.855112007,7.710224014,
DC3,740.45,97.322,52,255,15.35228176,30.70456352,
DC4,14.57,169.975,137,255,2.153549405,4.307098811,
DC5,39.69,110.796,63,255,3.554394376,7.108788753,
DC6,251.85,118.413,76,255,8.95356604,17.90713208,
DC7,274.77,117.056,71,255,9.352112458,18.70422492,
DC8,51.69,131.502,86,255,4.056283769,8.112567539,
DC9,21.28,128.002,86,255,2.602620675,5.20524135,
DC10,167.52,122.859,84,255,7.302278558,14.60455712,
DC11,181.68,121.398,76,255,7.604639381,15.20927876,
DC12,78.6,139.784,93,255,5.001915339,10.00383068,
DC13,75.56,135.248,92,255,4.904232356,9.808464712,
DC14,73.93,138.88,107,255,4.851046267,9.702092534,
DC15,105.8,139.233,104,255,5.803204801,11.6064096,
DC16,28.28,141.95,107,255,3.000300582,6.000601164,
DC17,19.76,163.122,119,255,2.507948036,5.015896072,
DC18,24.72,154.731,119,255,2.805106127,5.610212255,
DC19,18.85,169.974,131,255,2.449518596,4.899037193,
DC20,55.44,129.523,97,255,4.200845164,8.401690328,
DC21,522.76,106.057,72,255,12.89959984,25.79919969,
DC22,16.64,164.027,137,255,2.301450957,4.602901913,
DC23,463.93,107.893,59,255,12.15209881,24.30419762,
DC24,29.33,147.979,102,255,3.055491607,6.110983214,
DC25,66.68,140.535,97,255,4.607049295,9.214098591,
DC26,934.69,95.609,44,255,17.24879902,34.49759803,
DC27,58.08,132.134,78,255,4.299702105,8.599404209,
DC28,555.76,102.514,50,255,13.30052263,26.60104527,
DC29,11.24,168.472,143,255,1.89150816,3.783016321,
DC30,21.28,166.976,117,255,2.602620675,5.20524135,
DC31,118.81,139.193,105,255,6.149666461,12.29933292,
DC32,16.64,162.576,118,255,2.301450957,4.602901913,
DC33,11.24,172.738,139,255,1.89150816,3.783016321,
DC34,572.68,104.683,69,255,13.5014705,27.002941,
DC35,967.65,93.856,60,255,17.55028665,35.10057329,
DC36,22.92,157.736,111,255,2.701048424,5.402096849,
DC37,18.04,180.356,136,255,2.396311822,4.792623643,
DC38,39.69,133.441,77,255,3.554394376,7.108788753,
DC39,38.52,136.348,105,255,3.501613459,7.003226918,
DC40,15.97,152.822,122,255,2.254641631,4.509283261,
DC41,9.73,154.429,126,255,1.75987363,3.519747259,
DC42,51.69,119.924,82,255,4.056283769,8.112567539,
DC43,28.28,127.369,101,255,3.000300582,6.000601164,
DC44,43.04,134.684,98,255,3.701358872,7.402717745,
DC45,22.17,161.599,133,255,2.656488317,5.312976633,
DC46,12.64,166.753,139,255,2.005850683,4.011701365,
DC47,21.28,150.035,116,255,2.602620675,5.20524135,
DC48,30.24,136.364,98,255,3.102529767,6.205059535,
DC49,23.77,159.483,85,255,2.75067737,5.50135474,
DC50,17.41,167.334,146,255,2.354097517,4.708195034,
DC51,23.77,139.041,107,255,2.75067737,5.50135474,
DC52,40.6,156.971,112,255,3.594910483,7.189820966,
DC53,73.93,156.34,116,255,4.851046267,9.702092534,
DD1,589.72,107.239,48,255,13.70086516,27.40173032,
DD2,251.85,114.21,58,255,8.95356604,17.90713208,
DD3,394.28,113.786,61,255,11.20282205,22.4056441,
DD4,34.36,136.237,86,255,3.30713285,6.614265701,
DD5,13.96,176.842,128,255,2.107986245,4.215972491,
DD6,26.44,159.525,116,255,2.901053841,5.802107683,
DD7,624.56,109.525,74,255,14.09977385,28.19954769,
DD8,35.21,141.956,91,255,3.347788986,6.695577971,
DD9,16.64,161.64,110,255,2.301450957,4.602901913,
DD10,153.8,140.18,103,255,6.99686076,13.99372152,
DD11,27.33,163.843,100,255,2.949476087,5.898952175,
DD12,292.49,123.013,76,255,9.64896153,19.29792306,
DD13,366.24,114.548,67,255,10.79712058,21.59424115,
DD14,116.84,133.497,89,255,6.098469242,12.19693848,
DD15,41.97,170.729,128,255,3.655060317,7.310120635,
DD16,475.16,117.66,77,255,12.29829767,24.59659534,
DD17,30.24,141.852,97,255,3.102529767,6.205059535,
DD18,266.12,123.114,66,255,9.203728968,18.40745794,
DD19,437.48,119.73,79,255,11.80060206,23.60120412,
DD20,283.72,93.366,52,255,9.503203718,19.00640744,
DD21,330.17,115.081,65,255,10.25165231,20.50330462,
DD22,240.65,126.282,90,255,8.752215383,17.50443077,
DD23,107.41,145.326,98,255,5.847192906,11.69438581,
DD24,152.89,144.387,90,255,6.976130625,13.95226125,
DD25,49.05,90.677,57,255,3.951341534,7.902683068,
DD26,251.85,102.1,59,255,8.95356604,17.90713208,
DD27,22.92,130.846,96,255,2.701048424,5.402096849,
DD28,15.28,126.729,92,255,2.205396804,4.410793607,
DD29,22.92,113.106,83,255,2.701048424,5.402096849,
DD30,62.21,161.284,117,255,4.449950339,8.899900678,
DD31,437.48,108.56,47,255,11.80060206,23.60120412,
DD32,19.76,175.74,133,255,2.507948036,5.015896072,
DD33,25.61,152.974,102,255,2.85515607,5.71031214,
DD34,19.76,161.659,121,255,2.507948036,5.015896072,
DD35,22.92,166.016,134,255,2.701048424,5.402096849,
DD36,19.76,175.039,139,255,2.507948036,5.015896072,
DD37,18.85,172.245,140,255,2.449518596,4.899037193,
DD38,995.52,96.407,49,255,17.80123192,35.60246384,
DD39,22.17,164.638,129,255,2.656488317,5.312976633,
DD40,12.01,147.006,118,255,1.955224216,3.910448431,
DD41,13.13,166.127,130,255,2.044360244,4.088720487,
DD42,33.13,120.655,75,255,3.247399964,6.494799929,
DD43,10.85,186.412,152,255,1.858403149,3.716806298,
DD44,26.44,155.197,125,255,2.901053841,5.802107683,
DD45,32.28,142.855,105,255,3.205470812,6.410941624,
DD46,7.49,180.176,156,255,1.5440664,3.0881328,
DD47,7.49,180.797,146,255,1.5440664,3.0881328,
DD48,9.12,184.418,140,255,1.703815178,3.407630357,
DD49,22.17,113.806,76,255,2.656488317,5.312976633,
DD50,7.16,165.204,128,255,1.509668435,3.019336871,
DD51,47.92,145.885,115,255,3.905561387,7.811122774,
DE1,765.643,115.954,66,255,15.61126953,31.22253905,
DE2,71.461,156.933,106,255,4.769354545,9.53870909,
DE3,415.165,127.425,58,255,11.49570024,22.99140047,
DE4,60.049,173.351,135,255,4.371977854,8.743955708,
DE5,44.566,153.001,105,255,3.766403907,7.532807813,
DE6,88.91,164.373,124,255,5.319862026,10.63972405,
DE7,146.53,142.189,76,255,6.829491022,13.65898204,
DE8,531.292,117.524,68,255,13.0044414,26.00888279,
DE9,218.263,146.216,88,255,8.335182703,16.67036541,
DE10,226.095,146.689,98,255,8.483411679,16.96682336,
DE11,60.049,164.199,122,255,4.371977854,8.743955708,
DE12,279.915,105.434,67,255,9.439264367,18.87852873,
DE13,339.601,115.231,76,255,10.39703591,20.79407181,
DE14,90.734,156.537,102,255,5.374153814,10.74830763,
DE15,28.508,102.076,81,255,3.012370866,6.024741732,
DE16,276.981,149.07,109,255,9.389664029,18.77932806,
DE17,356.002,132.272,84,255,10.64513767,21.29027535,
DE18,28.508,187.169,138,255,3.012370866,6.024741732,
DE19,24.919,183.839,132,255,2.816374274,5.632748549,
DE20,40.927,177.651,109,255,3.60935849,7.218716981,
DE21,18.185,189.705,141,255,2.405922958,4.811845916,
DE22,27.55,190.978,136,255,2.961323583,5.922647166,
DE23,173.384,149.328,100,255,7.42898656,14.85797312,
DE24,37.751,177.716,139,255,3.466484749,6.932969498,
DE25,19.919,185.25,152,255,2.518017995,5.03603599,
DE26,208.021,142.792,92,255,8.137268635,16.27453727,
DE27,301.013,135.501,76,255,9.788534812,19.57706962,
DE28,369.188,122.906,53,255,10.84048847,21.68097694,
DE29,54.606,142.303,83,255,4.169128164,8.338256327,
DE30,62.711,147.621,96,255,4.46783295,8.935665901,
DE31,245.399,108.974,75,255,8.838151829,17.67630366,
DE32,102.982,96.025,60,255,5.725398562,11.45079712,
DE33,376.405,123.712,66,255,10.94593224,21.89186449,
DE34,223.504,130.804,64,255,8.434662578,16.86932516,
DE35,220.894,127.689,72,255,8.385269465,16.77053893,
DE36,339.601,131.601,84,255,10.39703591,20.79407181,
DE37,43.386,143.264,90,255,3.716206765,7.43241353,
DE38,82.499,147.99,100,255,5.12447532,10.24895064,
DE39,22.348,153.12,94,255,2.667131293,5.334262587,
DE40,15.403,163.3,115,255,2.214255445,4.428510891,
DE41,10.282,180.079,152,201,1.809105373,3.618210746,
DE42,8.679,183.113,158,255,1.662110557,3.324221113,
DE43,23.961,163.689,115,255,2.761706571,5.523413141,
DE44,54.606,179.301,132,255,4.169128164,8.338256327,
DE45,14.072,189.499,155,255,2.116425458,4.232850916,
DE46,14.687,166.445,126,255,2.162178831,4.324357663,
DE47,11.33,185.152,153,255,1.899065826,3.798131651,
NA1,511.01,81.651,49,255,12.75380472,25.50760945,
NA2,54.17,105.891,76,255,4.152450666,8.304901332,
NA3,437.48,85.069,55,255,11.80060206,23.60120412,
NA4,149.64,105.963,75,255,6.901586149,13.8031723,
NA5,22.17,102.705,76,255,2.656488317,5.312976633,
NA6,29.33,125.898,90,255,3.055491607,6.110983214,
NA7,221.72,90.902,60,255,8.400932565,16.80186513,
NA8,124.92,90.56,67,255,6.305812476,12.61162495,
NA9,130.85,97.783,71,255,6.453746866,12.90749373,
NA10,143.49,103.049,71,255,6.75827534,13.51655068,
NA11,11.24,152.783,117,255,1.89150816,3.783016321,
NA12,40.6,131.961,101,255,3.594910483,7.189820966,
NA13,15.97,133.708,100,255,2.254641631,4.509283261,
NA14,38.52,135.551,111,255,3.501613459,7.003226918,
NA15,8.12,162.405,124,255,1.607692842,3.215385685,
NA16,9.73,169.088,127,255,1.75987363,3.519747259,
NA17,16.89,166.918,127,255,2.318675048,4.637350096,
NA18,14.57,142.07,94,255,2.153549405,4.307098811,
NA19,11.24,148.511,100,255,1.89150816,3.783016321,
NA20,13.13,162.216,118,255,2.044360244,4.088720487,
NA21,390.61,81.644,53,255,11.15056163,22.30112326,
NA22,22.92,142.312,111,255,2.701048424,5.402096849,
NA23,63.76,110.147,69,255,4.505045876,9.010091752,
NA24,160.53,95.123,72,255,7.148306515,14.29661303,
NA25,59.57,104.364,80,255,4.354505703,8.709011407,
NA26,20.53,135.256,101,255,2.556345431,5.112690862,
NA27,43.04,131.553,103,255,3.701358872,7.402717745,
NA28,12.01,147.634,112,255,1.955224216,3.910448431,
NA29,69.48,119.528,101,255,4.702783313,9.405566627,
NA30,24.72,121.619,96,255,2.805106127,5.610212255,
NA31,26.44,134.294,107,255,2.901053841,5.802107683,
NA32,13.96,149.296,108,255,2.107986245,4.215972491,
NA33,104.05,104.447,85,255,5.755010309,11.51002062,
NA34,12.64,154.731,105,255,2.005850683,4.011701365,
NA35,21.25,153.869,105,255,2.600785474,5.201570948,
NA36,6.65,148.753,126,255,1.454909187,2.909818374,
NA37,34.36,133.943,109,255,3.30713285,6.614265701,
NA38,32.28,120.954,94,255,3.205470812,6.410941624,
NA39,13.13,147.475,122,255,2.044360244,4.088720487,
NA40,56.81,82.84,55,255,4.25243279,8.50486558,
NA41,35.21,92.531,67,255,3.347788986,6.695577971,
NA42,31.25,119.278,95,255,3.153915653,6.307831305,
NA43,320.52,84.04,54,255,10.10072694,20.20145388,
NA44,72.32,106.434,85,255,4.797934031,9.595868063,
NA45,47.92,118.38,92,255,3.905561387,7.811122774,
NA46,17.41,131.924,101,255,2.354097517,4.708195034,
NA47,11.24,150.362,122,255,1.89150816,3.783016321,
NA48,15.28,130.072,104,255,2.205396804,4.410793607,
NA49,52.84,88.122,63,255,4.101157689,8.202315377,
NA50,96.89,91.728,67,255,5.553471425,11.10694285,
NA51,18.04,121.63,91,255,2.396311822,4.792623643,
NA52,37.45,102.478,83,255,3.452637432,6.905274864,
NA53,22.92,118.604,73,255,2.701048424,5.402096849,
NB1,411.85,85.093,53,255,11.44971295,22.8994259,
NB2,188.93,91.77,58,255,7.754887929,15.50977586,
NB3,60.92,127.623,101,255,4.403571081,8.807142162,
NB4,24.72,110.512,86,255,2.805106127,5.610212255,
NB5,15.97,124.741,92,255,2.254641631,4.509283261,
NB6,26.44,138.315,109,255,2.901053841,5.802107683,
NB7,33.6,138.929,109,255,3.270353525,6.540707049,
NB8,16.64,134.229,103,255,2.301450957,4.602901913,
NB9,39.56,143.891,103,255,3.548568598,7.097137197,
NB10,13.13,142.425,111,255,2.044360244,4.088720487,
NB11,8.12,177.403,146,255,1.607692842,3.215385685,
NB12,10.85,164.5,137,255,1.858403149,3.716806298,
NB13,17.41,158.063,122,255,2.354097517,4.708195034,
NB14,6.65,185.922,149,255,1.454909187,2.909818374,
NB15,460.08,84.303,58,255,12.10157066,24.20314132,
NB16,33.13,122.29,61,255,3.247399964,6.494799929,
NB17,9.12,107.6,66,255,1.703815178,3.407630357,
NB18,149.64,82.622,54,255,6.901586149,13.8031723,
NB19,248.84,81.013,51,255,8.899900678,17.79980136,
NB20,270.12,85.98,51,255,9.272640749,18.5452815,
NB21,24.72,147.769,117,255,2.805106127,5.610212255,
NB22,13.96,162.85,134,255,2.107986245,4.215972491,
NB23,13.13,139.523,106,255,2.044360244,4.088720487,
NB24,11.24,132.783,104,255,1.89150816,3.783016321,
NB25,11.24,125.762,88,255,1.89150816,3.783016321,
NB26,65.09,115.619,94,255,4.551789812,9.103579624,
NB27,12.01,145.995,116,255,1.955224216,3.910448431,
NB28,13.96,153.55,121,255,2.107986245,4.215972491,
NB29,353.16,87.363,64,255,10.60256193,21.20512385,
NB30,343.09,87.636,58,255,10.45030807,20.90061615,
NB31,32.28,144.223,115,255,3.205470812,6.410941624,
NB32,5.77,139.404,107,255,1.355229886,2.710459772,
NB33,15.28,168.207,132,255,2.205396804,4.410793607,
NB34,19.76,155.038,117,255,2.507948036,5.015896072,
NB35,13.96,142.525,115,255,2.107986245,4.215972491,
NB36,16.64,153.262,118,255,2.301450957,4.602901913,
NB37,12.01,164.496,123,255,1.955224216,3.910448431,
NB38,14.57,145.178,104,255,2.153549405,4.307098811,
NB39,326.88,88.479,60,255,10.20044781,20.40089563,
NB40,44.21,121.189,98,255,3.75133044,7.502660879,
NB41,39.69,118.877,99,255,3.554394376,7.108788753,
NB42,27.33,132.883,108,255,2.949476087,5.898952175,
NB43,78.6,108.428,62,255,5.001915339,10.00383068,
NB44,46.69,136.094,105,255,3.855112007,7.710224014,
NB45,32.28,115.654,75,255,3.205470812,6.410941624,
NB46,8.61,115.855,91,255,1.655490296,3.310980592,
NB47,24.72,125.019,69,255,2.805106127,5.610212255,
NC1,60.436,133.31,108,255,4.386043352,8.772086703,
NC2,47.539,134.026,103,255,3.890004329,7.780008658,
NC3,68.927,113.055,88,255,4.684030906,9.368061811,
NC4,18.7,119.84,94,255,2.439753035,4.87950607,
NC5,17.897,123.91,96,138,2.386795348,4.773590696,
NC6,18.7,131.193,101,255,2.439753035,4.87950607,
NC7,21.994,132.751,99,255,2.645922833,5.291845665,
NC8,22.738,117.466,90,255,2.690302993,5.380605985,
NC9,41.636,123.106,105,255,3.640487663,7.280975325,
NC10,17.897,138.006,111,255,2.386795348,4.773590696,
NC11,41.636,134.847,110,255,3.640487663,7.280975325,
NC12,23.581,129.623,111,255,2.739719954,5.479439908,
NC13,22.738,142.749,118,255,2.690302993,5.380605985,
NC14,26.23,140.123,121,255,2.889510047,5.779020095,
NC15,13.849,156.938,130,255,2.099588915,4.199177831,
NC16,60.436,117.335,95,255,4.386043352,8.772086703,
NC17,10.119,143.931,113,255,1.79470826,3.58941652,
NC18,16.508,130.99,111,255,2.29230443,4.584608861,
NC19,317.971,103.188,75,255,10.06048273,20.12096547,
NC20,363.328,90.817,58,255,10.75411058,21.50822116,
NC21,34.93,118.044,83,255,3.334451128,6.668902256,
NC22,32.023,112.564,91,255,3.192684996,6.385369992,
NC23,24.523,137.235,110,255,2.793906466,5.587812931,
NC24,71.745,105.371,77,255,4.778822322,9.557644644,
NC25,36.111,110.884,84,255,3.390352238,6.780704477,
NC26,32.023,128.611,106,255,3.192684996,6.385369992,
NC27,6.111,162.526,129,255,1.394701299,2.789402599,
NC28,6.597,176.448,152,255,1.449099831,2.898199661,
NC29,7.103,175.818,152,255,1.503647273,3.007294546,
NC30,144.204,97.422,65,255,6.775068917,13.55013783,
NC31,87.499,106,67,255,5.27748015,10.5549603,
NC32,32.867,127.46,96,255,3.234484662,6.468969324,
NC33,17.897,129.572,89,255,2.386795348,4.773590696,
NC34,18.7,128.468,97,255,2.439753035,4.87950607,
NC35,11.151,142.917,105,255,1.884004655,3.76800931,
NC36,10.119,143.654,112,255,1.79470826,3.58941652,
NC37,11.151,149.053,123,255,1.884004655,3.76800931,
NC38,21.111,137.097,108,255,2.59226542,5.18453084,
NC39,45.118,122.304,88,255,3.789657695,7.57931539,
NC40,39.374,120.059,94,255,3.540216584,7.080433167,
NC41,32.867,136.929,96,255,3.234484662,6.468969324,
NC42,68.927,120.715,94,255,4.684030906,9.368061811,
NC43,13.849,159.011,137,255,2.099588915,4.199177831,
NC44,20.367,132.493,114,255,2.546177027,5.092354054,
NC45,51.279,128.25,106,255,4.040125326,8.080250653,
NC46,81.189,118.383,98,255,5.083626791,10.16725358,
NC47,15.843,138.719,107,255,2.245658818,4.491317636,
NC48,13.849,129.669,109,255,2.099588915,4.199177831,
NC49,8.542,145.249,122,255,1.648939977,3.297879954,
NC50,7.103,156.226,130,255,1.503647273,3.007294546,
NC51,9.653,144.798,120,255,1.752896269,3.505792539,
NC52,7.103,149.436,130,255,1.503647273,3.007294546,
NC53,8.542,167.524,138,255,1.648939977,3.297879954,
NC54,29.097,130.25,82,255,3.043330866,6.086661731,
NC55,73.213,110.265,75,255,4.827465349,9.654930698,
NC56,9.653,167.715,141,255,1.752896269,3.505792539,
NC57,6.111,166.432,132,255,1.394701299,2.789402599,
NC58,125.444,125.688,93,255,6.319024083,12.63804817,
NC59,5.357,180.474,161,255,1.30582773,2.61165546,
NC60,17.897,147.1,125,255,2.386795348,4.773590696,
NC61,135.831,101.812,80,255,6.575435358,13.15087072,
NC62,53.739,121.255,97,255,4.135898327,8.271796655,
NC63,5.724,151.213,118,255,1.349816946,2.699633893,
NC64,3.809,169.633,146,255,1.101109602,2.202219205,
NC65,7.43,136.248,102,255,1.537869453,3.075738906,
NC66,5.724,153.047,105,255,1.349816946,2.699633893,
NC67,9.653,108.482,84,255,1.752896269,3.505792539,
NC68,6.111,163.028,144,255,1.394701299,2.789402599,
NC69,7.43,171.358,145,255,1.537869453,3.075738906,
NC70,17.272,143.128,122,255,2.344749103,4.689498205,
NC71,27.113,114.964,93,255,2.937743342,5.875486684,
NC72,5.357,150.806,123,255,1.30582773,2.61165546,
NC73,17.272,99.261,80,255,2.344749103,4.689498205,
NC74,15.158,128.862,103,255,2.196574892,4.393149783,
NC75,37.152,98.865,80,255,3.438873201,6.877746402,
NC76,53.739,125.238,87,255,4.135898327,8.271796655,
NC77,9.047,151.634,120,255,1.696982481,3.393964962,
NC78,7.43,145.02,115,255,1.537869453,3.075738906,
ND1,77.357,105.503,70,255,4.962206955,9.92441391,
ND2,25.205,162.937,139,255,2.832490191,5.664980382,
ND3,32.606,101.661,70,255,3.221616388,6.443232775,
ND4,74.365,101.364,72,255,4.865296978,9.730593956,
ND5,49.485,110.674,80,255,3.968824098,7.937648195,
ND6,28.866,122.508,81,255,3.031226348,6.062452697,
ND7,7.047,160.925,117,255,1.497708172,2.995416344,
ND8,72.761,117.02,100,255,4.812540455,9.62508091,
ND9,7.992,143.138,103,255,1.594971037,3.189942075,
ND10,15.038,160.25,133,255,2.1878629,4.3757258,
ND11,20.205,151.039,126,255,2.536030609,5.072061218,
ND12,21.819,119.516,88,255,2.635375382,5.270750765,
ND13,64.061,103.392,78,255,4.515667129,9.031334258,
ND14,17.755,132.746,110,255,2.377307727,4.754615454,
ND15,11.062,140.33,114,255,1.876471146,3.752942292,
ND16,8.474,122.581,96,255,1.642363533,3.284727067,
ND17,10.039,151.832,120,255,1.787599773,3.575199545,
ND18,42.36,113.931,83,255,3.672003102,7.344006203,
ND19,12.44,137.869,112,255,1.989918336,3.979836672,
ND20,14.34,143.598,115,255,2.136483973,4.272967946,
ND21,77.357,93.458,67,255,4.962206955,9.92441391,
ND22,8.976,157.76,124,255,1.690310486,3.380620972,
ND23,7.992,148.192,121,255,1.594971037,3.189942075,
ND24,23.394,132.149,95,255,2.728835187,5.457670374,
ND25,12.44,144.434,114,255,1.989918336,3.979836672,
ND26,9.576,148.715,126,255,1.745891025,3.491782049,
ND27,15.038,150.104,105,255,2.1878629,4.3757258,
ND28,16.377,160.681,135,255,2.28319097,4.56638194,
ND29,62.752,118.371,97,255,4.46929323,8.93858646,
ND30,7.372,170.658,155,255,1.531855242,3.063710483,
ND31,15.718,135.518,111,255,2.23678224,4.473564481,
ND32,7.057,165.622,137,255,1.498770452,2.997540903,
ND33,4.813,168.362,134,255,1.23775017,2.475500339,
ND34,7.047,137.728,108,255,1.497708172,2.995416344,
ND35,5.315,163.902,136,255,1.300698676,2.601397351,
ND36,11.062,140.349,108,255,1.876471146,3.752942292,
ND37,27.833,132.512,107,255,2.976494425,5.95298885,
ND38,26.022,131.946,113,255,2.878030552,5.756061104,
ND39,17.135,119.817,76,255,2.335431416,4.670862832,
ND40,18.552,108.701,80,255,2.430079219,4.860158437,
ND41,183.296,111.235,71,255,7.638385228,15.27677046,
ND42,10.039,154.604,127,255,1.787599773,3.575199545,
ND43,17.135,118.01,85,255,2.335431416,4.670862832,
ND44,20.944,104.982,80,255,2.581991916,5.163983833,
ND45,39.958,115.658,85,255,3.56637441,7.13274882,
ND46,7.047,149.663,124,255,1.497708172,2.995416344,
ND47,7.047,143.226,121,255,1.497708172,2.995416344,
ND48,4.409,162.933,139,255,1.184663787,2.369327574,
ND49,3.228,172.796,151,255,1.013658874,2.027317748,
ND50,8.474,140.026,107,255,1.642363533,3.284727067,
ND51,6.545,152.233,130,255,1.443377361,2.886754721,
ND52,10.039,135.738,106,255,1.787599773,3.575199545,
ND53,10.039,144.405,120,255,1.787599773,3.575199545,
ND54,4.813,180.883,151,255,1.23775017,2.475500339,
ND55,5.679,170.603,145,255,1.344500593,2.689001185,
ND56,7.992,138.563,110,255,1.594971037,3.189942075,
ND57,14.34,106.948,85,255,2.136483973,4.272967946,
ND58,6.063,146.838,122,255,1.389213029,2.778426058,
ND59,7.047,126.527,102,255,1.497708172,2.995416344,
ND60,11.062,146.121,112,255,1.876471146,3.752942292,
ND61,8.976,164.177,143,255,1.690310486,3.380620972,
NE1,190.398,112.77,91,255,7.784957656,15.56991531,
NE2,103.635,123.448,97,255,5.743522008,11.48704402,
NE3,21.195,150.86,98,255,2.597417571,5.194835142,
NE4,60.727,153.958,98,255,4.396590094,8.793180189,
NE5,78.287,124.833,89,255,4.991946119,9.983892239,
NE6,132.111,117.808,91,255,6.484769647,12.96953929,
NE7,428.484,98.279,60,255,11.67864261,23.35728523,
NE8,30.119,162.13,123,255,3.096316434,6.192632869,
NE9,29.213,176.479,136,255,3.049391202,6.098782405,
NE10,32.151,145.353,109,255,3.199059417,6.398118833,
NE11,51.484,133.639,96,255,4.048192952,8.096385905,
NE12,24.621,172.405,145,255,2.799483472,5.598966943,
NE13,94.621,123.093,81,255,5.488059743,10.97611949,
NE14,171.314,106.508,66,255,7.384506743,14.76901349,
NE15,22.829,144.577,97,255,2.695681063,5.391362125,
NE16,46.504,151.733,115,255,3.847425496,7.694850992,
NE17,72.032,130.487,106,255,4.788371093,9.576742185,
NE18,78.287,124.894,101,255,4.991946119,9.983892239,
NE19,10.159,146.146,104,255,1.798251966,3.596503932,
NE20,151.324,111.319,79,255,6.940311608,13.88062322,
NE21,110.886,116.72,86,255,5.94105294,11.88210588,
NE22,64.83,126.234,93,255,4.542689723,9.085379446,
NE23,18.775,131.829,95,255,2.444640692,4.889281384,
NE24,16.574,152.65,123,255,2.296882246,4.593764493,
NE25,16.574,163.345,135,255,2.296882246,4.593764493,
NE26,38.366,138.657,112,255,3.494606858,6.989213716,
NE27,22.082,131.66,102,255,2.651210838,5.302421676,
NE28,86.504,116.849,72,255,5.247387769,10.49477554,
NE29,136.374,103.462,78,255,6.588565278,13.17713056,
NE30,587.368,92.057,63,255,13.67351605,27.3470321,
NE31,421.034,97.818,61,255,11.57666984,23.15333968,
NE32,331.991,100.209,65,255,10.27988412,20.55976823,
NE33,29.213,175.702,138,255,3.049391202,6.098782405,
NE34,36.255,146.062,114,255,3.397105374,6.794210748,
NE35,364.779,87.951,43,255,10.77556319,21.55112637,
NE36,304.033,106.875,79,255,9.837515419,19.67503084,
NE37,60.677,141.892,109,255,4.39477974,8.78955948,
NE38,17.341,140.162,105,255,2.349427959,4.698855919,
NE39,23.675,137.095,72,255,2.745175141,5.490350282,
NE40,9.691,160.546,85,255,1.756343106,3.512686213,
NE41,14.512,158.364,123,255,2.149258725,4.298517451,
NE42,13.904,153.28,126,255,2.103753944,4.207507888,
NE43,16.574,165.784,138,255,2.296882246,4.593764493,
NE44,8.088,185.592,156,255,1.604521848,3.209043695,
NE45,17.341,171.482,136,255,2.349427959,4.698855919,
NE46,14.512,181.922,137,255,2.149258725,4.298517451,
NE47,17.341,139.778,104,255,2.349427959,4.698855919,
NE48,22.829,171.099,135,255,2.695681063,5.391362125,
NE49,17.341,163.342,120,255,2.349427959,4.698855919,
NE50,35.07,124.036,100,255,3.341126712,6.682253425,
NE51,15.906,172.252,127,255,2.250119341,4.500238682,
NE52,14.512,167.172,116,255,2.149258725,4.298517451,
NE53,27.221,155.868,114,255,2.943588526,5.887177052,
NE54,23.675,159.865,108,255,2.745175141,5.490350282,
NE55,45.299,129.643,88,255,3.797251576,7.594503153,
NE56,15.219,150.368,100,255,2.200990268,4.401980535,
NE57,32.998,136.093,106,255,3.240924193,6.481848386,
NE58,15.906,151.983,113,255,2.250119341,4.500238682,
NE59,17.968,146.452,110,255,2.391525044,4.783050088,
NE60,39.532,123.103,99,255,3.547312563,7.094625126,
NE61,20.448,150.307,118,255,2.551235103,5.102470207,
NE62,5.378,130.831,93,255,1.308384717,2.616769434,
