year_collected,species,country,state_prov,locality,elevation,lat,lon,age,sex,ecto_presence,tick,flea,louse,mite,other_ecto
2025,Tamias minimus,United States,Nevada,"Humboldt-Toiyabe National Forest, 7.5 km W of Toiyabe Range Peak, San Juan Campground",,39.121876,-117.275393,adult,female,1,0,4,2,0,0
2025,Tamias minimus,United States,Nevada,"Humboldt-Toiyabe National Forest, 7.5 km W of Toiyabe Range Peak, San Juan Campground",,39.121876,-117.275393,adult,male,1,0,0,10,0,0
2025,Tamias minimus,United States,Nevada,"Humboldt-Toiyabe National Forest, 2.75 km WSW North Schell Peak, Timber Creek",2679.328857,39.39970298,-114.628342,subadult,male,1,0,2,4,3,0
2025,Tamias minimus,United States,Nevada,"Humboldt-Toiyabe National Forest, 2.75 km WSW North Schell Peak, Timber Creek",2665.048584,39.39972603,-114.627921,adult,male,1,0,2,4,4,1
2025,Tamias minimus,United States,Nevada,"Humboldt-Toiyabe National Forest, 2.75 km WSW North Schell Peak, Timber Creek",2661.998779,39.39985503,-114.628681,adult,female,0,0,0,0,0,0
2025,Tamias umbrinus,United States,Nevada,"Humboldt-Toiyabe National Forest, 7.5 km W of Toiyabe Range Peak, San Juan Campground",2233.296387,39.12284402,-117.276272,adult,female,1,0,3,0,0,0
2025,Tamias umbrinus,United States,Nevada,"Humboldt-Toiyabe National Forest, 7.5 km W of Toiyabe Range Peak, San Juan Campground",,39.121876,-117.275393,adult,male,1,0,4,1,0,0
2025,Tamias umbrinus,United States,Nevada,"Humboldt-Toiyabe National Forest, 7.5 km W of Toiyabe Range Peak, San Juan Campground",,39.121876,-117.275393,adult,male,1,0,16,4,0,0
2025,Tamias umbrinus,United States,Nevada,"Humboldt-Toiyabe National Forest, 7.5 km W of Toiyabe Range Peak, San Juan Campground",2231.085205,39.12276297,-117.276267,adult,male,1,0,1,1,0,0
2025,Tamias umbrinus,United States,Nevada,"Humboldt-Toiyabe National Forest, 7.5 km W of Toiyabe Range Peak, San Juan Campground",2234.054199,39.12279901,-117.276204,adult,female,1,0,4,0,0,0
2025,Tamias umbrinus,United States,Nevada,"Humboldt-Toiyabe National Forest, 7.5 km W of Toiyabe Range Peak, San Juan Campground",2214.336914,39.12280496,-117.276402,adult,female,1,0,2,6,0,0
2025,Tamias umbrinus,United States,Nevada,"Humboldt-Toiyabe National Forest, 5 km NE of North Toiyabe Peak, Birch Creek",,39.39812902,-117.038679,adult,female,0,0,0,0,0,0
2025,Tamias umbrinus,United States,Nevada,"Humboldt-Toiyabe National Forest, 5 km NE of North Toiyabe Peak, Birch Creek",,39.39828803,-117.046536,adult,male,1,0,1,0,0,0
2025,Tamias umbrinus,United States,Nevada,"Humboldt-Toiyabe National Forest, 2.75 km WSW North Schell Peak, Timber Creek",2689.438721,39.39944096,-114.628042,adult,female,1,0,0,0,1,0
2025,Tamias umbrinus,United States,Nevada,"Humboldt-Toiyabe National Forest, Ruby Mountains, 2.4 km N of Mt. Gilbert, Lamoille Creek",2176.311523,40.66055898,-115.444591,adult,male,1,0,0,2,0,0
2025,Tamias umbrinus,United States,Nevada,"Humboldt-Toiyabe National Forest, Ruby Mountains, 2.4 km N of Mt. Gilbert, Lamoille Creek",2215.649658,40.65972799,-115.443702,adult,female,1,1,5,0,0,0
2025,Tamias umbrinus,United States,Nevada,"Humboldt-Toiyabe National Forest, Ruby Mountains, 2.4 km N of Mt. Gilbert, Lamoille Creek",2162.269043,40.659959,-115.444064,subadult,female,1,0,0,2,1,0
2025,Tamias umbrinus,United States,Nevada,"Humboldt-Toiyabe National Forest, Ruby Mountains, 7.5 km NE of Overland Lake, Myers Creek",2255.052734,40.50407404,-115.382936,adult,male,0,0,0,0,0,0
2025,Tamias umbrinus,United States,Nevada,"Humboldt-Toiyabe National Forest, Ruby Mountains, 7.5 km NE of Overland Lake, Myers Creek",,40.50350801,-115.36696,adult,male,1,0,2,0,0,0
2025,Tamias umbrinus,United States,Nevada,"Humboldt-Toiyabe National Forest, Ruby Mountains, 7.5 km NE of Overland Lake, Myers Creek",2255.779053,40.50444804,-115.382655,adult,female,1,1,0,1,0,0
2025,Urocitellus beldingi,United States,Nevada,"Humboldt-Toiyabe National Forest, 5 km NE of North Toiyabe Peak, Birch Creek",2152.848145,39.39815501,-117.038661,adult,female,1,0,0,3,0,0
2024,Tamias minimus,United States,Nevada,1.5 km NNW Spruce Mountain peak,2703,40.56598898,-114.816663,adult,,1,,,,,
2024,Tamias minimus,United States,Nevada,1.5 km NNW Spruce Mountain peak,2547,40.56117802,-114.830904,adult,,0,,,,,
2024,Tamias minimus,United States,Nevada,1.5 km NNW Spruce Mountain peak,2635,40.56670798,-114.818954,adult,,1,,,,,
2024,Tamias minimus,United States,Nevada,1.5 km NNW Spruce Mountain peak,2743,40.56651897,-114.819479,adult,,1,,,,,
2024,Tamias minimus,United States,Nevada,1.5 km NNW Spruce Mountain peak,2240,40.54793604,-114.842366,adult,,1,,,,,
2024,Tamias minimus,United States,Nevada,1.5 km NNW Spruce Mountain peak,2647,40.56667797,-114.818881,adult,,0,,,,,
2024,Tamias minimus,United States,Nevada,2 km NE Spruce Mountain peak,2366,40.56479699,-114.802709,adult,,0,,,,,
2024,Tamias minimus,United States,Nevada,2 km NE Spruce Mountain peak,2353,40.56466104,-114.799674,adult,,0,,,,,
2024,Tamias minimus,United States,Nevada,2 km NE Spruce Mountain peak,2385,40.56473002,-114.803862,adult,,0,,,,,
2024,Tamias minimus,United States,Nevada,2 km NE Spruce Mountain peak,2402,40.563705,-114.801686,adult,,0,,,,,
2024,Tamias minimus,United States,Nevada,2 km NE Spruce Mountain peak,2356,40.56464997,-114.79985,adult,,0,,,,,
2024,Tamias minimus,United States,Nevada,"Humboldt-Toiyabe National Forest, 2.75 km WSW North Schell Peak, Timber Creek",2602,39.402799,-114.62496,adult,,1,,,,,
2024,Tamias minimus,United States,Nevada,"Humboldt-Toiyabe National Forest, 2.75 km WSW North Schell Peak, Timber Creek",2771,39.40230698,-114.624485,adult,,1,,,,,
2024,Tamias minimus,United States,Nevada,"Humboldt-Toiyabe National Forest, 2.75 km WSW North Schell Peak, Timber Creek",2752,39.40193902,-114.625732,adult,,1,,,,,
2024,Tamias minimus,United States,Nevada,"Humboldt-Toiyabe National Forest, 5 km W Taff Peak, Berry Creek",2564,39.35431103,-114.650697,adult,,1,,,,,
2024,Tamias minimus,United States,Nevada,"Humboldt-Toiyabe National Forest, 5 km W Taff Peak, Berry Creek",2417,39.35407701,-114.649051,subadult,,1,,,,,
2024,Tamias minimus,United States,Nevada,"Humboldt-Toiyabe National Forest, 5 km W Taff Peak, Berry Creek",2313,39.35372103,-114.650699,adult,,1,,,,,
2024,Tamias minimus,United States,Nevada,"Humboldt-Toiyabe National Forest, 5 km W Taff Peak, Berry Creek",2490,39.35431397,-114.648027,adult,,0,,,,,
2024,Tamias minimus,United States,Nevada,"Humboldt-Toiyabe National Forest, 5 km W Taff Peak, Berry Creek",2481,39.35466299,-114.650333,juvenile,,1,,,,,
2024,Tamias minimus,United States,Nevada,"Humboldt-Toiyabe National Forest, 5 km W Taff Peak, Berry Creek",2437,39.35444397,-114.65094,subadult,,1,,,,,
2024,Tamias minimus,United States,Nevada,"Humboldt-Toiyabe National Forest, 5 km W Taff Peak, Berry Creek",2478,39.35452301,-114.649812,juvenile,,1,,,,,
2024,Tamias minimus,United States,Nevada,"Humboldt-Toiyabe National Forest, 5 km W Taff Peak, Berry Creek",2621,39.35359304,-114.650584,adult,,1,,,,,
2024,Tamias minimus,United States,Nevada,"Humboldt-Toiyabe National Forest, 5 km W Taff Peak, Berry Creek",2496,39.35418304,-114.647696,juvenile,,0,,,,,
2024,Tamias minimus,United States,Nevada,"Humboldt-Toiyabe National Forest, 5 km W Taff Peak, Berry Creek",2519,39.35435797,-114.647886,subadult,,0,,,,,
2024,Tamias minimus,United States,Nevada,2 km NE Spruce Mountain peak,2329,40.56488802,-114.801377,adult,,1,,,,,
2024,Tamias minimus,United States,Nevada,2 km NE Spruce Mountain peak,2472,40.56468702,-114.805447,adult,,0,,,,,
2024,Tamias minimus,United States,Nevada,2 km NE Spruce Mountain peak,2322,40.56455098,-114.80017,adult,,0,,,,,
2024,Tamias minimus,United States,Nevada,2 km NE Spruce Mountain peak,2549,40.56344901,-114.801323,adult,,0,,,,,
2024,Tamias minimus,United States,Nevada,2 km NE Spruce Mountain peak,2578,40.56367096,-114.801065,adult,,0,,,,,
2024,Tamias minimus,United States,Nevada,2 km NE Spruce Mountain peak,2523,40.56329202,-114.800762,adult,,1,,,,,
2024,Tamias umbrinus,United States,Nevada,1.5 km NNW Spruce Mountain peak,2682,40.56639098,-114.814458,adult,,1,,,,,
2024,Tamias umbrinus,United States,Nevada,1.5 km NNW Spruce Mountain peak,2655,40.56672801,-114.815099,adult,,0,,,,,
2024,Tamias umbrinus,United States,Nevada,1.5 km NNW Spruce Mountain peak,2562,40.55637603,-114.833602,adult,,1,,,,,
2024,Tamias umbrinus,United States,Nevada,1.5 km NNW Spruce Mountain peak,2542,40.55623999,-114.833757,adult,,1,,,,,
2024,Tamias umbrinus,United States,Nevada,1.5 km NNW Spruce Mountain peak,2570,40.556285,-114.83336,adult,,1,,,,,
2024,Tamias umbrinus,United States,Nevada,1.5 km NNW Spruce Mountain peak,2659,40.56657203,-114.814764,adult,,0,,,,,
2024,Tamias umbrinus,United States,Nevada,2 km NE Spruce Mountain peak,2314,40.56462298,-114.799611,adult,,0,,,,,
2024,Tamias umbrinus,United States,Nevada,"Humboldt-Toiyabe National Forest, 2.75 km WSW North Schell Peak, Timber Creek",2380,39.39977598,-114.629172,adult,,1,,,,,
2024,Tamias umbrinus,United States,Nevada,"Humboldt-Toiyabe National Forest, 2.75 km WSW North Schell Peak, Timber Creek",2582,39.39988897,-114.628733,adult,,1,,,,,
2024,Tamias umbrinus,United States,Nevada,"Humboldt-Toiyabe National Forest, 5 km W Taff Peak, Berry Creek",2387,39.35348902,-114.65073,adult,,1,,,,,
2024,Tamias umbrinus,United States,Nevada,"Humboldt-Toiyabe National Forest, 5 km W Taff Peak, Berry Creek",2425,39.35384701,-114.651465,adult,,1,,,,,
2024,Tamias umbrinus,United States,Nevada,"Humboldt-Toiyabe National Forest, 5 km W Taff Peak, Berry Creek",2333,39.35372799,-114.651296,adult,,1,,,,,
2024,Tamias umbrinus,United States,Nevada,"Humboldt-Toiyabe National Forest, 5 km W Taff Peak, Berry Creek",2404,39.35373503,-114.650473,adult,,1,,,,,
2024,Tamias umbrinus,United States,Nevada,"Humboldt-Toiyabe National Forest, 5 km W Taff Peak, Berry Creek",2404,39.35373503,-114.650473,adult,,0,,,,,
2024,Tamias umbrinus,United States,Nevada,"Humboldt-Toiyabe National Forest, 5 km W Taff Peak, Berry Creek",2404,39.35385296,-114.650268,adult,,0,,,,,
2024,Tamias umbrinus,United States,Nevada,"Humboldt-Toiyabe National Forest, 5 km W Taff Peak, Berry Creek",2538,39.35982096,-114.644051,adult,,0,,,,,
2024,Tamias umbrinus,United States,Nevada,"Humboldt-Toiyabe National Forest, 5 km W Taff Peak, Berry Creek",2460,39.35367401,-114.651212,subadult,,1,,,,,
2024,Tamias umbrinus,United States,Nevada,"Humboldt-Toiyabe National Forest, 5 km W Taff Peak, Berry Creek",2457,39.35376302,-114.650492,adult,,1,,,,,
2024,Tamias umbrinus,United States,Nevada,"Humboldt-Toiyabe National Forest, 5 km W Taff Peak, Berry Creek",2591,39.354075,-114.651591,adult,,1,,,,,
2024,Tamias umbrinus,United States,Nevada,"Humboldt-Toiyabe National Forest, 5 km W Taff Peak, Berry Creek",2639,39.35330797,-114.650134,adult,,1,,,,,
2024,Tamias umbrinus,United States,Nevada,"Humboldt-Toiyabe National Forest, 5 km W Taff Peak, Berry Creek",2460,39.35387501,-114.651449,subadult,,1,,,,,
2024,Tamias umbrinus,United States,Nevada,2 km NE Spruce Mountain peak,2374,40.56572897,-114.799147,adult,,1,,,,,
2024,Urocitellus beldingi,United States,Nevada,1.5 km NNW Spruce Mountain peak,2652,40.56543502,-114.823413,adult,,1,,,,,
2024,Urocitellus beldingi,United States,Nevada,1.5 km NNW Spruce Mountain peak,2573,40.56721902,-114.823552,juvenile,,1,,,,,
2024,Urocitellus beldingi,United States,Nevada,1.5 km NNW Spruce Mountain peak,2551,40.56666397,-114.823366,adult,,1,,,,,
2024,Urocitellus beldingi,United States,Nevada,1.5 km NNW Spruce Mountain peak,2544,40.56564004,-114.823502,adult,,1,,,,,